[{"accessGroups":"developers","description":"","displayOrder":20,"holdMenu":"hide","id":9,"idCode":"showcaseBaseTechnologies","kind":"system","menu":"hide","subsite":"core","systemWhenCreated":"","systemWhoCreated":"","title":"Showcase: Base Technologies222","type":"html"},{"accessGroups":"loggedOutUsers","description":"","displayOrder":999,"holdMenu":"hide","id":10,"idCode":"login","kind":"system","menu":"CHANGED","subsite":"core","systemWhenCreated":"","systemWhoCreated":"","title":"Login--added222","type":"html"},{"accessGroups":"developers","description":"","displayOrder":30,"holdMenu":"developerShowcase","id":11,"idCode":"showcaseDataLoading","kind":"system","menu":"developerShowcase","subsite":"core","systemWhenCreated":"","systemWhoCreated":"","title":"Showcase: Data Loading","type":"html"},{"accessGroups":"developers","description":"","displayOrder":100,"holdMenu":"developerShowcase","id":83,"idCode":"showcaseBootbox","kind":"system","menu":"developerShowcase","subsite":"core","systemWhenCreated":"","systemWhoCreated":"","title":"Showcase: Bootbox","type":"html"},{"accessGroups":"developers","description":"","displayOrder":110,"holdMenu":"submain","id":92,"idCode":"thirdPartyTools4","kind":"system","menu":"SWITCHED","subsite":"gf","systemWhenCreated":"","systemWhoCreated":"","title":"Third Party Tools 4.x","type":"vuejs"},{"accessGroups":"developers","description":"","displayOrder":110,"holdMenu":"developerMain","id":137,"idCode":"deletePage","kind":"system","menu":"developerMain","subsite":"core","systemWhenCreated":"","systemWhoCreated":"","title":"Delete Page","type":"vuejs"},{"accessGroups":"developers","description":"","displayOrder":100,"holdMenu":"developerShowcase","id":165,"idCode":"showcaseFormAndAjaxControls","kind":"system","menu":"developerShowcase","subsite":"core","systemWhenCreated":"","systemWhoCreated":"","title":"Showcase: Form And Ajax Controls","type":"vuejs"},{"accessGroups":"developers","description":"","displayOrder":100,"holdMenu":"developerShowcase","id":166,"idCode":"showcaseJavaScriptSorting","kind":"system","menu":"developerShowcase","subsite":"core","systemWhenCreated":"","systemWhoCreated":"","title":"Showcase: JavaScript Sorting","type":"vuejs"},{"accessGroups":"developers","description":"","displayOrder":100,"holdMenu":"developerMain","id":203,"idCode":"createPage","kind":"system","menu":"developerMain","subsite":"core","systemWhenCreated":"","systemWhoCreated":"","title":"Create Page","type":""},{"accessGroups":"developers","description":"","displayOrder":100,"holdMenu":"developerShowcase","id":268,"idCode":"showcaseTextParser","kind":"system","menu":"developerShowcase","subsite":"core","systemWhenCreated":"","systemWhoCreated":"","title":"Showcase: Text Parser","type":""},{"accessGroups":"developers","description":"","displayOrder":140,"holdMenu":"developerMain","id":273,"idCode":"createClass","kind":"system","menu":"developerMain","subsite":"core","systemWhenCreated":"","systemWhoCreated":"","title":"Create Class","type":""},{"accessGroups":"developers","description":"","displayOrder":100,"holdMenu":"developerShowcase","id":286,"idCode":"showcaseFormToEditDatabase","kind":"system","menu":"developerShowcase","subsite":"core","systemWhenCreated":"","systemWhoCreated":"","title":"Showcase: Form to Edit Database","type":""},{"accessGroups":"developers","description":"","displayOrder":100,"holdMenu":"developerShowcase","id":288,"idCode":"showcaseParseItemTypeDefinitionBlock","kind":"system","menu":"developerShowcase","subsite":"core","systemWhenCreated":"","systemWhoCreated":"","title":"Showcase: Parse Item Type Definition Block","type":""},{"accessGroups":"developers","description":"","displayOrder":100,"holdMenu":"developerShowcase","id":290,"idCode":"showcaseFormCodeBlocks","kind":"system","menu":"developerShowcase","subsite":"core","systemWhenCreated":"","systemWhoCreated":"","title":"Showcase: Form Code Blocks","type":""},{"accessGroups":"loggedInUsers","description":"","displayOrder":35,"holdMenu":"loginArea","id":323,"idCode":"logout","kind":"system","menu":"loginArea","subsite":"core","systemWhenCreated":"","systemWhoCreated":"","title":"Logout","type":""},{"accessGroups":"developers","description":"","displayOrder":122,"holdMenu":"submain","id":326,"idCode":"quarterReport","kind":"system","menu":"SWITCHED","subsite":"gf","systemWhenCreated":"","systemWhoCreated":"","title":"Quarter Report","type":""},{"accessGroups":"developers","description":"","displayOrder":90,"holdMenu":"submain","id":329,"idCode":"thirdPartyTools3","kind":"system","menu":"SWITCHED","subsite":"gf","systemWhenCreated":"","systemWhoCreated":"","title":"Third Party Tools 3.x","type":""},{"accessGroups":"developers","description":"","displayOrder":100,"holdMenu":"developerShowcase","id":331,"idCode":"showcaseCreatePdf","kind":"system","menu":"developerShowcase","subsite":"core","systemWhenCreated":"","systemWhoCreated":"","title":"Showcase: Create PDF","type":""},{"accessGroups":"developers","description":"","displayOrder":100,"holdMenu":"developerShowcase","id":333,"idCode":"showcaseCreatePdfReport","kind":"system","menu":"developerShowcase","subsite":"core","systemWhenCreated":"","systemWhoCreated":"","title":"Showcase: Create Pdf Report","type":""},{"accessGroups":"developers","description":"","displayOrder":100,"holdMenu":"developerShowcase","id":337,"idCode":"showcaseReadXmlFile","kind":"system","menu":"developerShowcase","subsite":"core","systemWhenCreated":"","systemWhoCreated":"","title":"Showcase: Read XML File","type":""},{"accessGroups":"developers","description":"","displayOrder":120,"holdMenu":"developerMain","id":343,"idCode":"createItemType","kind":"system","menu":"developerMain","subsite":"core","systemWhenCreated":"","systemWhoCreated":"","title":"Create Item Type","type":""},{"accessGroups":"developers","description":"","displayOrder":100,"holdMenu":"developerShowcase","id":344,"idCode":"showcaseDpDataLoader","kind":"system","menu":"developerShowcase","subsite":"core","systemWhenCreated":"","systemWhoCreated":"","title":"Showcase: DpDataLoader","type":""},{"accessGroups":"developers","description":"","displayOrder":100,"holdMenu":"developerShowcase","id":350,"idCode":"showcaseDisplayDataFromSqlStatement","kind":"system","menu":"developerShowcase","subsite":"core","systemWhenCreated":"","systemWhoCreated":"","title":"Showcase: Display Data from SQL Statement","type":""},{"accessGroups":"developers","description":"","displayOrder":180,"holdMenu":"developerMain","id":352,"idCode":"createPageBuilder","kind":"system","menu":"developerMain","subsite":"core","systemWhenCreated":"","systemWhoCreated":"","title":"Create Page Builder","type":""},{"accessGroups":"developers","description":"","displayOrder":130,"holdMenu":"developerMain","id":360,"idCode":"deleteItemType","kind":"system","menu":"developerMain","subsite":"core","systemWhenCreated":"","systemWhoCreated":"","title":"Delete Item Type","type":""},{"accessGroups":"developers","description":"","displayOrder":100,"holdMenu":"developerShowcase","id":383,"idCode":"showcaseCreateShowcaseBook","kind":"system","menu":"developerShowcase","subsite":"core","systemWhenCreated":"","systemWhoCreated":"","title":"Showcase: Create Showcase Book","type":""},{"accessGroups":"loggedInUsers,loggedOutUsers","description":"","displayOrder":100,"holdMenu":"main","id":403,"idCode":"datapodForNode","kind":"system","menu":"main","subsite":"tech","systemWhenCreated":"2019-02-25 15:45:45","systemWhoCreated":"systemUnknown","title":"Datapod for Node","type":""},{"accessGroups":"developers","description":"","displayOrder":170,"holdMenu":"developerSeldom","id":404,"idCode":"genericizeSiteToTech","kind":"system","menu":"developerSeldom","subsite":"dev","systemWhenCreated":"2019-02-26 10:27:06","systemWhoCreated":"systemUnknown","title":"Genericize Site to Tech","type":""},{"accessGroups":"developers","description":"","displayOrder":10,"holdMenu":"developerSeldom","id":408,"idCode":"publishNewVersion","kind":"system","menu":"developerSeldom","subsite":"dev","systemWhenCreated":"2019-02-26 14:01:11","systemWhoCreated":"systemUnknown","title":"Publish New Version","type":""},{"accessGroups":"developers","description":"","displayOrder":190,"holdMenu":"developerSeldom","id":409,"idCode":"finalizeNewVersion","kind":"system","menu":"developerSeldom","subsite":"systemPublish","systemWhenCreated":"2019-02-26 15:47:02","systemWhoCreated":"systemUnknown","title":"Finalize New Version","type":""},{"accessGroups":"developers","description":"","displayOrder":165,"holdMenu":"developerSeldom","id":410,"idCode":"genericizeSiteSwitcher","kind":"system","menu":"developerSeldom","subsite":"dev","systemWhenCreated":"2019-02-26 21:37:51","systemWhoCreated":"systemUnknown","title":"Genericize Site Switcher","type":""},{"accessGroups":"developers","description":"","displayOrder":100,"holdMenu":"developerShowcase","id":412,"idCode":"showcaseMarkdown","kind":"system","menu":"developerShowcase","subsite":"core","systemWhenCreated":"2019-02-28 13:22:45","systemWhoCreated":"systemUnknown","title":"Showcase: Markdown","type":""},{"accessGroups":"developers","description":"","displayOrder":100,"holdMenu":"developerShowcase","id":417,"idCode":"showcaseCustomTextParsing","kind":"system","menu":"developerShowcase","subsite":"core","systemWhenCreated":"2019-03-01 16:12:30","systemWhoCreated":"systemUnknown","title":"Showcase: Custom Text Parsing","type":""},{"accessGroups":"developers","description":"","displayOrder":100,"holdMenu":"developerShowcase","id":419,"idCode":"showcaseTextChunkDocument","kind":"system","menu":"developerShowcase","subsite":"core","systemWhenCreated":"2019-03-04 13:24:11","systemWhoCreated":"systemUnknown","title":"Showcase: TextChunkDocument","type":""},{"accessGroups":"developers","description":"","displayOrder":200,"holdMenu":"developerSeldom","id":424,"idCode":"fillItemTypesFromDirectory","kind":"system","menu":"developerSeldom","subsite":"dev","systemWhenCreated":"2019-03-05 15:59:14","systemWhoCreated":"systemUnknown","title":"Fill Item Types from Directory","type":""},{"accessGroups":"developers","description":"","displayOrder":100,"holdMenu":"hide","id":426,"idCode":"systemCodeGenerator","kind":"system","menu":"hide","subsite":"dev","systemWhenCreated":"2019-03-06 16:50:02","systemWhoCreated":"systemUnknown","title":"System Code Generator","type":""},{"accessGroups":"developers","description":"","displayOrder":290,"holdMenu":"developerMain","id":427,"idCode":"batchImport","kind":"system","menu":"main","subsite":"core","systemWhenCreated":"2019-04-01 16:27:27","systemWhoCreated":"systemUnknown","title":"Batch Import","type":""},{"accessGroups":"developers","description":"","displayOrder":100,"holdMenu":"developerShowcase","id":443,"idCode":"showcaseDql","kind":"system","menu":"developerShowcase","subsite":"core","systemWhenCreated":"2019-03-12 16:22:19","systemWhoCreated":"systemUnknown","title":"Showcase: DQL","type":""},{"accessGroups":"developers","description":"","displayOrder":100,"holdMenu":"developerSystemManage","id":572,"idCode":"manageApplicationFiles","kind":"system","menu":"developerSystemManage","subsite":"dev","systemWhenCreated":"2019-03-19 14:53:06","systemWhoCreated":"systemUnknown","title":"Manage Application Files","type":""},{"accessGroups":"developers","description":"","displayOrder":100,"holdMenu":"hide","id":573,"idCode":"manageApplicationFile","kind":"system","menu":"hide","subsite":"dev","systemWhenCreated":"2019-03-19 14:53:11","systemWhoCreated":"systemUnknown","title":"Manage Application File","type":""},{"accessGroups":"developers","description":"","displayOrder":100,"holdMenu":"developerSeldom","id":574,"idCode":"manageDpnVersions","kind":"system","menu":"developerSeldom","subsite":"dev","systemWhenCreated":"2019-03-21 10:45:14","systemWhoCreated":"systemUnknown","title":"Manage DPN Versions","type":""},{"accessGroups":"developers","description":"","displayOrder":100,"holdMenu":"hide","id":575,"idCode":"manageDpnVersion","kind":"system","menu":"hide","subsite":"dev","systemWhenCreated":"2019-03-19 14:56:45","systemWhoCreated":"systemUnknown","title":"Manage DPN Version","type":""},{"accessGroups":"developers","description":"","displayOrder":100,"holdMenu":"developerSeldom","id":584,"idCode":"manageShowcaseBooks","kind":"system","menu":"developerSeldom","subsite":"dev","systemWhenCreated":"2019-03-19 15:16:20","systemWhoCreated":"systemUnknown","title":"Manage Showcase Books","type":""},{"accessGroups":"developers","description":"","displayOrder":100,"holdMenu":"hide","id":585,"idCode":"manageShowcaseBook","kind":"system","menu":"hide","subsite":"core","systemWhenCreated":"2019-03-19 15:15:53","systemWhoCreated":"systemUnknown","title":"Manage Showcase Book","type":""},{"accessGroups":"developers","description":"","displayOrder":100,"holdMenu":"developerSystemManage","id":586,"idCode":"manageUsers","kind":"system","menu":"developerSystemManage","subsite":"core","systemWhenCreated":"2019-03-19 15:18:59","systemWhoCreated":"systemUnknown","title":"Manage Users","type":""},{"accessGroups":"developers","description":"","displayOrder":100,"holdMenu":"hide","id":587,"idCode":"manageUser","kind":"system","menu":"hide","subsite":"core","systemWhenCreated":"2019-03-19 15:19:02","systemWhoCreated":"systemUnknown","title":"Manage User","type":""},{"accessGroups":"developers","description":"","displayOrder":85,"holdMenu":"submain","id":596,"idCode":"gp137","kind":"system","menu":"SWITCHED","subsite":"gf","systemWhenCreated":"2019-03-21 10:19:11","systemWhoCreated":"systemUnknown","title":"Issue: gp-1370","type":""},{"accessGroups":"developers","description":"","displayOrder":100,"holdMenu":"hide","id":600,"idCode":"manageTodos","kind":"system","menu":"hide","subsite":"tech","systemWhenCreated":"2019-03-21 16:33:06","systemWhoCreated":"systemUnknown","title":"Manage Todos","type":""},{"accessGroups":"developers","description":"","displayOrder":100,"holdMenu":"hide","id":601,"idCode":"manageTodo","kind":"system","menu":"hide","subsite":"tech","systemWhenCreated":"2019-03-21 16:33:08","systemWhoCreated":"systemUnknown","title":"Manage Todo","type":""},{"accessGroups":"developers","description":"","displayOrder":100,"holdMenu":"devManager","id":602,"idCode":"manageTips","kind":"system","menu":"devManager","subsite":"tech","systemWhenCreated":"2019-03-21 16:50:42","systemWhoCreated":"systemUnknown","title":"Manage Tips","type":""},{"accessGroups":"developers","description":"","displayOrder":100,"holdMenu":"hide","id":603,"idCode":"manageTip","kind":"system","menu":"hide","subsite":"tech","systemWhenCreated":"2019-03-21 16:50:44","systemWhoCreated":"systemUnknown","title":"Manage Tip","type":""},{"accessGroups":"developers","description":"","displayOrder":100,"holdMenu":"devManager","id":604,"idCode":"manageKeys","kind":"system","menu":"devManager","subsite":"tech","systemWhenCreated":"2019-03-21 16:56:30","systemWhoCreated":"systemUnknown","title":"Manage Keys","type":""},{"accessGroups":"developers","description":"","displayOrder":100,"holdMenu":"hide","id":605,"idCode":"manageKey","kind":"system","menu":"hide","subsite":"tech","systemWhenCreated":"2019-03-21 16:56:32","systemWhoCreated":"systemUnknown","title":"Manage Key","type":""},{"accessGroups":"developers","description":"","displayOrder":100,"holdMenu":"developerShowcase","id":611,"idCode":"showcaseBestEcmascript6Features","kind":"system","menu":"developerShowcase","subsite":"core","systemWhenCreated":"2019-03-22 15:33:04","systemWhoCreated":"systemUnknown","title":"Showcase:  ECMAScript 6 Features","type":""},{"accessGroups":"developers","description":"","displayOrder":100,"holdMenu":"developerShowcase","id":612,"idCode":"showcaseEditXmlFile","kind":"system","menu":"developerShowcase","subsite":"core","systemWhenCreated":"2019-03-26 11:48:27","systemWhoCreated":"systemUnknown","title":"Showcase: Edit XML File","type":""},{"accessGroups":"developers","description":"x","displayOrder":100,"holdMenu":"developerSystemManage","id":617,"idCode":"manageItemTypes","kind":"system","menu":"developerSystemManage","subsite":"core","systemWhenCreated":"2019-04-01 16:51:03","systemWhoCreated":"systemUnknown","title":"Manage Item Types","type":""},{"accessGroups":"developers","description":"","displayOrder":100,"holdMenu":"hide","id":618,"idCode":"manageItemType","kind":"system","menu":"hide","subsite":"core","systemWhenCreated":"2019-04-01 16:51:08","systemWhoCreated":"systemUnknown","title":"Manage Item Type","type":""},{"accessGroups":"developers","description":"","displayOrder":100,"holdMenu":"developerShowcase","id":619,"idCode":"showcaseMultipleSqlStatements","kind":"system","menu":"developerShowcase","subsite":"core","systemWhenCreated":"2019-04-02 13:42:20","systemWhoCreated":"systemUnknown","title":"Showcase: Multiple SQL Statements","type":""},{"accessGroups":"developers","description":"","displayOrder":100,"holdMenu":"developerShowcase","id":624,"idCode":"showcaseMultipleAjaxSteps","kind":"system","menu":"developerShowcase","subsite":"core","systemWhenCreated":"2019-04-03 14:41:38","systemWhoCreated":"systemUnknown","title":"Showcase: Multiple AJAX Steps","type":""},{"accessGroups":"developers","description":"","displayOrder":100,"holdMenu":"developerShowcase","id":625,"idCode":"showcaseMultipleAjaxStepsWithNodeRestarts","kind":"system","menu":"developerShowcase","subsite":"core","systemWhenCreated":"2019-04-03 14:50:07","systemWhoCreated":"systemUnknown","title":"Showcase: Multiple AJAX Steps with Node Restarts","type":""},{"accessGroups":"developers","description":"","displayOrder":100,"holdMenu":"developerShowcase","id":653,"idCode":"showcaseSearchAndDisplayItemType","kind":"system","menu":"developerShowcase","subsite":"core","systemWhenCreated":"2019-04-08 10:53:31","systemWhoCreated":"systemUnknown","title":"Showcase: Search and Display Item Type","type":""},{"accessGroups":"developers","description":"","displayOrder":444,"holdMenu":"developerMain","id":654,"idCode":"createDataType","kind":"system","menu":"developerMain","subsite":"core","systemWhenCreated":"2019-04-08 15:44:44","systemWhoCreated":"systemUnknown","title":"Create Data Type","type":""},{"accessGroups":"developers","description":"","displayOrder":333,"holdMenu":"developerMain","id":676,"idCode":"addFieldToItemType","kind":"system","menu":"developerMain","subsite":"core","systemWhenCreated":"2019-04-10 14:07:19","systemWhoCreated":"systemUnknown","title":"Add Field to Item Type","type":""},{"accessGroups":"developers","description":"x","displayOrder":100,"holdMenu":"developerSystemManage","id":712,"idCode":"manageShowcaseUsers","kind":"system","menu":"developerSystemManage","subsite":"core","systemWhenCreated":"2019-04-11 15:07:53","systemWhoCreated":"systemUnknown","title":"Manage Showcase Users","type":""},{"accessGroups":"developers","description":"","displayOrder":100,"holdMenu":"hide","id":751,"idCode":"manageShowcaseUser","kind":"system","menu":"hide","subsite":"core","systemWhenCreated":"2019-04-18 16:26:32","systemWhoCreated":"systemUnknown","title":"Manage Showcase User","type":""},{"accessGroups":"developers","description":"","displayOrder":100,"holdMenu":"hide","id":755,"idCode":"manageHowto","kind":"system","menu":"hide","subsite":"tech","systemWhenCreated":"2019-04-20 14:34:55","systemWhoCreated":"systemUnknown","title":"Manage Howto","type":""},{"accessGroups":"developers","description":"x","displayOrder":100,"holdMenu":"devManager","id":756,"idCode":"manageHowtos","kind":"system","menu":"devManager","subsite":"tech","systemWhenCreated":"2019-04-20 14:35:03","systemWhoCreated":"systemUnknown","title":"Manage Howtos","type":""},{"accessGroups":"loggedInUsers,loggedOutUsers","description":"","displayOrder":102,"holdMenu":"main","id":757,"idCode":"howtos","kind":"system","menu":"main","subsite":"tech","systemWhenCreated":"2019-04-27 17:49:08","systemWhoCreated":"systemUnknown","title":"Howtos","type":""},{"accessGroups":"developers","description":"","displayOrder":100,"holdMenu":"devManager","id":762,"idCode":"manageUserPoints","kind":"system","menu":"devManager","subsite":"tech","systemWhenCreated":"2019-04-24 11:18:02","systemWhoCreated":"systemUnknown","title":"Manage User Points","type":""},{"accessGroups":"developers","description":"","displayOrder":100,"holdMenu":"hide","id":763,"idCode":"manageUserPoint","kind":"system","menu":"hide","subsite":"tech","systemWhenCreated":"2019-04-24 11:18:04","systemWhoCreated":"systemUnknown","title":"Manage User Point","type":""},{"accessGroups":"loggedInUsers,loggedOutUsers","description":"","displayOrder":100,"holdMenu":"main","id":764,"idCode":"learnBits","kind":"system","menu":"main","subsite":"tech","systemWhenCreated":"2019-05-01 15:48:20","systemWhoCreated":"systemUnknown","title":"Learn Bits","type":""},{"accessGroups":"developers","description":"","displayOrder":100,"holdMenu":"developerSeldom","id":766,"idCode":"switchSiteMode","kind":"system","menu":"SWITCHED","subsite":"gf","systemWhenCreated":"2019-04-29 11:15:37","systemWhoCreated":"systemUnknown","title":"Switch Site Mode","type":""},{"accessGroups":"developers","description":"","displayOrder":100,"holdMenu":"hide","id":767,"idCode":"manageGfhowto","kind":"system","menu":"SWITCHED","subsite":"gf","systemWhenCreated":"2019-05-02 11:08:40","systemWhoCreated":"systemUnknown","title":"Manage Gfhowto","type":""},{"accessGroups":"developers","description":"x","displayOrder":100,"holdMenu":"developerSystemManage","id":768,"idCode":"manageGfhowtos","kind":"system","menu":"SWITCHED","subsite":"gf","systemWhenCreated":"2019-05-02 11:08:57","systemWhoCreated":"systemUnknown","title":"Manage Gfhowtos","type":""},{"accessGroups":"developers","description":"","displayOrder":33,"holdMenu":"main","id":769,"idCode":"gfhowtos","kind":"system","menu":"SWITCHED","subsite":"gf","systemWhenCreated":"2019-05-02 11:12:08","systemWhoCreated":"systemUnknown","title":"GEFEG Howtos","type":""},{"accessGroups":"developers","description":"","displayOrder":100,"holdMenu":"developerSystemManage","id":775,"idCode":"manageGftasks","kind":"system","menu":"SWITCHED","subsite":"gf","systemWhenCreated":"2019-05-02 14:31:54","systemWhoCreated":"systemUnknown","title":"Manage Gftasks","type":""},{"accessGroups":"developers","description":"","displayOrder":100,"holdMenu":"hide","id":776,"idCode":"manageGftask","kind":"system","menu":"SWITCHED","subsite":"gf","systemWhenCreated":"2019-05-02 14:31:59","systemWhoCreated":"systemUnknown","title":"Manage Gftask","type":""},{"accessGroups":"developers","description":"","displayOrder":33,"holdMenu":"main","id":777,"idCode":"gftasks","kind":"system","menu":"SWITCHED","subsite":"gf","systemWhenCreated":"2019-05-02 14:32:53","systemWhoCreated":"systemUnknown","title":"GEFEG Tasks","type":""},{"accessGroups":"developers","description":"x","displayOrder":100,"holdMenu":"developerCustomManage","id":781,"idCode":"manageComparisons","kind":"system","menu":"developerSystemManage","subsite":"tech","systemWhenCreated":"2019-05-17 15:54:01","systemWhoCreated":"systemUnknown","title":"Manage Comparisons","type":""},{"accessGroups":"developers","description":"","displayOrder":100,"holdMenu":"hide","id":782,"idCode":"manageComparison","kind":"system","menu":"hide","subsite":"tech","systemWhenCreated":"2019-05-17 15:54:06","systemWhoCreated":"systemUnknown","title":"Manage Comparison","type":""},{"accessGroups":"developers","description":"","displayOrder":100,"holdMenu":"hide","id":783,"idCode":"comparisons","kind":"system","menu":"hide","subsite":"tech","systemWhenCreated":"2019-05-17 15:55:08","systemWhoCreated":"systemUnknown","title":"Comparisons","type":""},{"accessGroups":"developers","description":"x","displayOrder":100,"holdMenu":"developerCustomManage","id":784,"idCode":"manageTechItems","kind":"system","menu":"developerSystemManage","subsite":"tech","systemWhenCreated":"2019-05-17 16:06:34","systemWhoCreated":"systemUnknown","title":"Manage Tech Items","type":""},{"accessGroups":"developers","description":"","displayOrder":100,"holdMenu":"hide","id":785,"idCode":"manageTechItem","kind":"system","menu":"hide","subsite":"tech","systemWhenCreated":"2019-05-17 16:06:39","systemWhoCreated":"systemUnknown","title":"Manage Tech Item","type":""},{"accessGroups":"loggedInUsers,loggedOutUsers","description":"","displayOrder":100,"holdMenu":"main","id":786,"idCode":"techItems","kind":"system","menu":"main","subsite":"tech","systemWhenCreated":"2019-05-17 16:12:33","systemWhoCreated":"systemUnknown","title":"Tech Items","type":""},{"accessGroups":"developers","description":"","displayOrder":100,"holdMenu":"developerShowcase","id":787,"idCode":"showcasePageState","kind":"system","menu":"developerShowcase","subsite":"core","systemWhenCreated":"2019-05-28 14:35:31","systemWhoCreated":"systemUnknown","title":"Showcase: Page State","type":""},{"accessGroups":"developers","description":"x","displayOrder":100,"holdMenu":"developerCustomManage","id":790,"idCode":"manageTechTopicGroups","kind":"system","menu":"developerSystemManage","subsite":"tech","systemWhenCreated":"2019-06-12 11:21:45","systemWhoCreated":"systemUnknown","title":"Manage Tech Topic Groups","type":""},{"accessGroups":"developers","description":"","displayOrder":100,"holdMenu":"hide","id":791,"idCode":"manageTechTopicGroup","kind":"system","menu":"hide","subsite":"tech","systemWhenCreated":"2019-06-12 11:21:50","systemWhoCreated":"systemUnknown","title":"Manage Tech Topic Group","type":""},{"accessGroups":"developers","description":"","displayOrder":100,"holdMenu":"developerShowcase","id":792,"idCode":"showcaseMobileDevelopment","kind":"system","menu":"developerShowcase","subsite":"core","systemWhenCreated":"2019-06-14 09:59:28","systemWhoCreated":"systemUnknown","title":"Showcase: Mobile Development","type":""},{"accessGroups":"loggedInUsers,loggedOutUsers","description":"","displayOrder":100,"holdMenu":"main","id":796,"idCode":"techReview","kind":"system","menu":"main","subsite":"tech","systemWhenCreated":"2019-07-15 15:58:47","systemWhoCreated":"systemUnknown","title":"Tech Review","type":""},{"accessGroups":"developers","description":"","displayOrder":100,"holdMenu":"hide","id":797,"idCode":"manageForay","kind":"system","menu":"hide","subsite":"tech","systemWhenCreated":"2019-07-22 11:31:28","systemWhoCreated":"systemUnknown","title":"Manage Foray","type":""},{"accessGroups":"developers","description":"..","displayOrder":100,"holdMenu":"developerSystemManage","id":798,"idCode":"manageForays","kind":"system","menu":"developerSystemManage","subsite":"tech","systemWhenCreated":"2019-07-22 11:31:38","systemWhoCreated":"systemUnknown","title":"Manage Forays","type":""},{"accessGroups":"loggedInUsers,loggedOutUsers","description":"","displayOrder":100,"holdMenu":"main","id":799,"idCode":"forays","kind":"system","menu":"main","subsite":"tech","systemWhenCreated":"2019-07-22 11:33:30","systemWhoCreated":"systemUnknown","title":"Forays","type":""},{"accessGroups":"developers","description":"","displayOrder":100,"holdMenu":"developerShowcase","id":808,"idCode":"showcaseEs6Promise","kind":"system","menu":"developerShowcase","subsite":"core","systemWhenCreated":"2019-07-30 15:25:04","systemWhoCreated":"systemUnknown","title":"Showcase ES6 Promise","type":""},{"accessGroups":"developers","description":"","displayOrder":100,"holdMenu":"developerShowcase","id":810,"idCode":"showcaseLoadDataWithPromises","kind":"system","menu":"developerShowcase","subsite":"core","systemWhenCreated":"2019-08-01 10:47:00","systemWhoCreated":"systemUnknown","title":"Showcase: Load Data with Linked Promises","type":""},{"accessGroups":"developers","description":"","displayOrder":100,"holdMenu":"developerShowcase","id":811,"idCode":"showcaseES6MapFunction","kind":"system","menu":"developerShowcase","subsite":"core","systemWhenCreated":"2019-08-01 11:57:06","systemWhoCreated":"systemUnknown","title":"Showcase: ES6 map(), filter(), reduce(), find() functions","type":""},{"accessGroups":"developers","description":"x","displayOrder":100,"holdMenu":"developerSystemManage","id":873,"idCode":"manageSystemTexts","kind":"system","menu":"developerSystemManage","subsite":"core","systemWhenCreated":"2019-08-09 13:56:34","systemWhoCreated":"systemUnknown","title":"Manage System Texts","type":""},{"accessGroups":"developers","description":"","displayOrder":100,"holdMenu":"hide","id":874,"idCode":"manageSystemText","kind":"system","menu":"hide","subsite":"core","systemWhenCreated":"2019-08-09 13:56:39","systemWhoCreated":"systemUnknown","title":"Manage System Text","type":""},{"accessGroups":"developers","description":"x","displayOrder":100,"holdMenu":"developerSystemManage","id":884,"idCode":"managePageItems","kind":"system","menu":"developerSystemManage","subsite":"core","systemWhenCreated":"2019-08-12 15:49:44","systemWhoCreated":"systemUnknown","title":"Manage Page Items","type":""},{"accessGroups":"developers","description":"","displayOrder":100,"holdMenu":"hide","id":885,"idCode":"managePageItem","kind":"system","menu":"hide","subsite":"core","systemWhenCreated":"2019-08-12 15:58:00","systemWhoCreated":"systemUnknown","title":"Manage Page Item","type":""},{"accessGroups":"developers","description":"","displayOrder":100,"holdMenu":"hide","id":886,"idCode":"manageItemType","kind":"system","menu":"hide","subsite":"core","systemWhenCreated":"2019-08-12 16:04:05","systemWhoCreated":"systemUnknown","title":"Manage Item Type","type":""},{"accessGroups":"developers","description":"","displayOrder":100,"holdMenu":"hide","id":888,"idCode":"manageGfHowto","kind":"system","menu":"hide","subsite":"core","systemWhenCreated":"2019-08-12 16:19:52","systemWhoCreated":"systemUnknown","title":"Manage Gf Howto","type":""},{"accessGroups":"developers","description":"","displayOrder":100,"holdMenu":"hide","id":890,"idCode":"manageGfTask","kind":"system","menu":"hide","subsite":"core","systemWhenCreated":"2019-08-12 16:21:08","systemWhoCreated":"systemUnknown","title":"Manage Gf Task","type":""},{"accessGroups":"developers","description":"","displayOrder":100,"holdMenu":"hide","id":892,"idCode":"manageShowcaseUser","kind":"system","menu":"hide","subsite":"core","systemWhenCreated":"2019-08-12 16:27:19","systemWhoCreated":"systemUnknown","title":"Manage Showcase User","type":""},{"accessGroups":"developers","description":"","displayOrder":100,"holdMenu":"developerSystemManage","id":905,"idCode":"manageSiteTodos","kind":"system","menu":"developerSystemManage","subsite":"tech","systemWhenCreated":"2019-08-14 10:44:26","systemWhoCreated":"systemUnknown","title":"Manage Site Todos","type":""},{"accessGroups":"developers","description":"","displayOrder":100,"holdMenu":"hide","id":906,"idCode":"manageSiteTodo","kind":"system","menu":"hide","subsite":"core","systemWhenCreated":"2019-08-14 10:44:31","systemWhoCreated":"systemUnknown","title":"Manage Site Todo","type":""},{"accessGroups":"developers","description":"","displayOrder":100,"holdMenu":"submain","id":907,"idCode":"siteTodos","kind":"system","menu":"submain","subsite":"tech","systemWhenCreated":"2019-08-14 10:46:42","systemWhoCreated":"systemUnknown","title":"Site Todos","type":""},{"accessGroups":"developers","description":"","displayOrder":100,"holdMenu":"developerSystemManage","id":910,"idCode":"manageDpnFaqs","kind":"system","menu":"developerSystemManage","subsite":"tech","systemWhenCreated":"2019-08-15 09:30:32","systemWhoCreated":"systemUnknown","title":"Manage Dpn Faqs","type":""},{"accessGroups":"developers","description":"","displayOrder":100,"holdMenu":"hide","id":911,"idCode":"manageDpnFaq","kind":"system","menu":"hide","subsite":"tech","systemWhenCreated":"2019-08-15 09:30:38","systemWhoCreated":"systemUnknown","title":"Manage Dpn Faq","type":""},{"accessGroups":"developers","description":"","displayOrder":100,"holdMenu":"submain","id":912,"idCode":"dpnFaqs","kind":"system","menu":"submain","subsite":"tech","systemWhenCreated":"2019-08-15 09:32:46","systemWhoCreated":"systemUnknown","title":"Dpn Faqs","type":""},{"accessGroups":"developers","description":"","displayOrder":100,"holdMenu":"developerSystemManage","id":916,"idCode":"manageDocumentationSections","kind":"system","menu":"developerSystemManage","subsite":"tech","systemWhenCreated":"2019-08-15 10:37:46","systemWhoCreated":"systemUnknown","title":"Manage Documentation Sections","type":""},{"accessGroups":"developers","description":"","displayOrder":100,"holdMenu":"hide","id":917,"idCode":"manageDocumentationSection","kind":"system","menu":"hide","subsite":"tech","systemWhenCreated":"2019-08-15 10:37:53","systemWhoCreated":"systemUnknown","title":"Manage Documentation Section","type":""},{"accessGroups":"loggedInUsers,loggedOutUsers","description":"","displayOrder":100,"holdMenu":"submain","id":919,"idCode":"documentation","kind":"system","menu":"submain","subsite":"tech","systemWhenCreated":"2019-08-15 11:09:29","systemWhoCreated":"systemUnknown","title":"Documentation","type":""},{"accessGroups":"developers","description":"","displayOrder":100,"holdMenu":"developerShowcase","id":920,"idCode":"showcaseTypeScript","kind":"system","menu":"developerShowcase","subsite":"core","systemWhenCreated":"2019-08-20 12:53:16","systemWhoCreated":"systemUnknown","title":"Showcase: TypeScript","type":""},{"accessGroups":"developers","description":"","displayOrder":100,"holdMenu":"developerShowcase","id":921,"idCode":"showcaseSliders","kind":"system","menu":"developerShowcase","subsite":"core","systemWhenCreated":"2019-08-22 16:22:58","systemWhoCreated":"systemUnknown","title":"Showcase: Sliders","type":""},{"accessGroups":"developers","description":"","displayOrder":100,"holdMenu":"hide","id":923,"idCode":"manageDpnVersionFeature","kind":"system","menu":"hide","subsite":"core","systemWhenCreated":"2019-08-28 14:58:31","systemWhoCreated":"systemUnknown","title":"Manage Dpn Version Feature","type":""},{"accessGroups":"developers","description":"","displayOrder":100,"holdMenu":"developerSystemManage","id":924,"idCode":"manageDpnVersionFeatures","kind":"system","menu":"developerSystemManage","subsite":"core","systemWhenCreated":"2019-08-28 14:58:49","systemWhoCreated":"systemUnknown","title":"Manage Dpn Version Features","type":""},{"accessGroups":"developers","description":"","displayOrder":100,"holdMenu":"developerShowcase","id":936,"idCode":"showcaseRegex","kind":"system","menu":"developerShowcase","subsite":"core","systemWhenCreated":"2019-09-03 13:32:29","systemWhoCreated":"systemUnknown","title":"Showcase: Regex","type":""},{"accessGroups":"developers","description":"","displayOrder":100,"holdMenu":"developerShowcase","id":938,"idCode":"showcaseRegexParser","kind":"system","menu":"developerShowcase","subsite":"core","systemWhenCreated":"2019-09-05 15:13:07","systemWhoCreated":"systemUnknown","title":"Showcase: Regex Parser","type":""},{"accessGroups":"developers","description":"","displayOrder":100,"holdMenu":"developerShowcase","id":939,"idCode":"showcaseScreenScraping","kind":"system","menu":"developerShowcase","subsite":"core","systemWhenCreated":"2019-09-09 10:42:59","systemWhoCreated":"systemUnknown","title":"Showcase: Screen Scraping Basic","type":""},{"accessGroups":"developers","description":"","displayOrder":100,"holdMenu":"developerShowcase","id":942,"idCode":"showcaseLoadDataWithMultiplePromises","kind":"system","menu":"developerShowcase","subsite":"core","systemWhenCreated":"2019-09-09 15:10:07","systemWhoCreated":"systemUnknown","title":"Showcase: Load Data with Multiple Promises","type":""},{"accessGroups":"developers","description":"","displayOrder":100,"holdMenu":"developerShowcase","id":943,"idCode":"showcaseLoadFromMultipleDataSources","kind":"system","menu":"developerShowcase","subsite":"core","systemWhenCreated":"2019-09-09 15:35:14","systemWhoCreated":"systemUnknown","title":"Showcase: Load From Multiple Data Sources","type":""},{"accessGroups":"developers","description":"","displayOrder":100,"holdMenu":"submain","id":951,"idCode":"transformServerText","kind":"system","menu":"submain","subsite":"core","systemWhenCreated":"2019-10-08 13:13:10","systemWhoCreated":"systemUnknown","title":"Transform Server Text","type":""},{"accessGroups":"developers","description":"","displayOrder":100,"holdMenu":"developerShowcase","id":952,"idCode":"showcaseReadExcelFile","kind":"system","menu":"developerShowcase","subsite":"core","systemWhenCreated":"2019-10-21 16:19:58","systemWhoCreated":"systemUnknown","title":"Showcase: Read Excel File","type":""},{"accessGroups":"developers","description":"","displayOrder":100,"holdMenu":"submain","id":955,"idCode":"comparisons","kind":"system","menu":"submain","subsite":"core","systemWhenCreated":"2020-04-14 14:39:57","systemWhoCreated":"systemUnknown","title":"Comparisons","type":""},{"accessGroups":"developers","description":"","displayOrder":100,"holdMenu":"developerSystemManage","id":956,"idCode":"manageLiTutorials","kind":"system","menu":"developerSystemManage","subsite":"core","systemWhenCreated":"2020-04-15 16:31:29","systemWhoCreated":"systemUnknown","title":"Manage LiTutorials","type":""},{"accessGroups":"developers","description":"","displayOrder":100,"holdMenu":"hidden","id":957,"idCode":"manageLiTutorial","kind":"system","menu":"hidden","subsite":"core","systemWhenCreated":"2020-04-15 16:31:34","systemWhoCreated":"systemUnknown","title":"Manage LiTutorial","type":""},{"accessGroups":"developers","description":"","displayOrder":105,"holdMenu":"main","id":958,"idCode":"liTutorials","kind":"system","menu":"main","subsite":"core","systemWhenCreated":"2020-04-15 16:34:46","systemWhoCreated":"systemUnknown","title":"Tutorials","type":""},{"accessGroups":"developers","description":"","displayOrder":100,"holdMenu":"developerSystemManage","id":959,"idCode":"manageFlashcards","kind":"system","menu":"developerSystemManage","subsite":"core","systemWhenCreated":"2020-04-27 14:10:02","systemWhoCreated":"systemUnknown","title":"Manage Flashcards","type":""},{"accessGroups":"developers","description":"","displayOrder":100,"holdMenu":"hidden","id":960,"idCode":"manageFlashcard","kind":"system","menu":"hidden","subsite":"core","systemWhenCreated":"2020-04-27 14:10:07","systemWhoCreated":"systemUnknown","title":"Manage Flashcard","type":""},{"accessGroups":"developers","description":"","displayOrder":100,"holdMenu":"submain","id":961,"idCode":"learn","kind":"system","menu":"submain","subsite":"core","systemWhenCreated":"2020-04-27 14:20:05","systemWhoCreated":"systemUnknown","title":"Learn","type":""},{"accessGroups":"developers","description":"","displayOrder":100,"holdMenu":"submain","id":964,"idCode":"createJsonText","kind":"system","menu":"submain","subsite":"core","systemWhenCreated":"2020-05-10 17:03:17","systemWhoCreated":"systemUnknown","title":"Create Json Text","type":""},{"accessGroups":"developers","description":"","displayOrder":100,"holdMenu":"submain","id":966,"idCode":"techmem","kind":"system","menu":"submain","subsite":"core","systemWhenCreated":"2020-06-09 08:53:02","systemWhoCreated":"systemUnknown","title":"Techmem","type":""},{"accessGroups":"developers","description":"","displayOrder":100,"holdMenu":"submain","id":967,"idCode":"cards","kind":"system","menu":"submain","subsite":"core","systemWhenCreated":"2020-06-16 16:58:03","systemWhoCreated":"systemUnknown","title":"Cards","type":""},{"accessGroups":"developers","description":"","displayOrder":100,"holdMenu":"submain","id":968,"idCode":"cardstime","kind":"system","menu":"submain","subsite":"core","systemWhenCreated":"2020-06-17 16:22:08","systemWhoCreated":"systemUnknown","title":"Cardstime","type":""},{"accessGroups":"developers","description":"","displayOrder":100,"holdMenu":"submain","id":969,"idCode":"flashcards","kind":"system","menu":"submain","subsite":"core","systemWhenCreated":"2020-07-22 16:14:16","systemWhoCreated":"systemUnknown","title":"Flashcards","type":""},{"accessGroups":"developers","description":"","displayOrder":100,"holdMenu":"submain","id":970,"idCode":"techTopicGroups","kind":"system","menu":"submain","subsite":"core","systemWhenCreated":"2020-12-25 13:53:06","systemWhoCreated":"systemUnknown","title":"Tech Topic Groups","type":""},{"accessGroups":"developers","description":"","displayOrder":100,"holdMenu":"developerSystemManage","id":971,"idCode":"managePersons","kind":"system","menu":"developerSystemManage","subsite":"core","systemWhenCreated":"2020-12-31 18:56:05","systemWhoCreated":"systemUnknown","title":"Manage Persons","type":""},{"accessGroups":"developers","description":"","displayOrder":100,"holdMenu":"hidden","id":972,"idCode":"managePerson","kind":"system","menu":"hidden","subsite":"core","systemWhenCreated":"2020-12-31 18:56:10","systemWhoCreated":"systemUnknown","title":"Manage Person","type":""},{"accessGroups":"developers","description":"","displayOrder":100,"holdMenu":"developerSystemManage","id":973,"idCode":"manageFitnessDays","kind":"system","menu":"developerSystemManage","subsite":"core","systemWhenCreated":"2021-01-16 21:56:40","systemWhoCreated":"systemUnknown","title":"Manage Fitness Days","type":""},{"accessGroups":"developers","description":"","displayOrder":100,"holdMenu":"hidden","id":974,"idCode":"manageFitnessDay","kind":"system","menu":"hidden","subsite":"core","systemWhenCreated":"2021-01-16 21:56:46","systemWhoCreated":"systemUnknown","title":"Manage Fitness Day","type":""},{"accessGroups":"developers","description":"","displayOrder":100,"holdMenu":"developerSystemManage","id":977,"idCode":"manageMiniFrameworks","kind":"system","menu":"developerSystemManage","subsite":"core","systemWhenCreated":"2021-01-19 14:42:12","systemWhoCreated":"systemUnknown","title":"Manage Mini Frameworks","type":""},{"accessGroups":"developers","description":"","displayOrder":100,"holdMenu":"hidden","id":978,"idCode":"manageMiniFramework","kind":"system","menu":"hidden","subsite":"core","systemWhenCreated":"2021-01-19 14:42:18","systemWhoCreated":"systemUnknown","title":"Manage Mini Framework","type":""},{"accessGroups":"developers","description":"","displayOrder":100,"holdMenu":"developerSystemManage","id":979,"idCode":"manageCodeExercises","kind":"system","menu":"developerSystemManage","subsite":"core","systemWhenCreated":"2021-02-08 21:06:12","systemWhoCreated":"systemUnknown","title":"Manage Code Exercises","type":""},{"accessGroups":"developers","description":"","displayOrder":100,"holdMenu":"hidden","id":980,"idCode":"manageCodeExercise","kind":"system","menu":"hidden","subsite":"core","systemWhenCreated":"2021-02-08 21:06:17","systemWhoCreated":"systemUnknown","title":"Manage Code Exercise","type":""},{"accessGroups":"developers","description":"","displayOrder":100,"holdMenu":"submain","id":981,"idCode":"codeExercises","kind":"system","menu":"submain","subsite":"core","systemWhenCreated":"2021-02-08 22:21:09","systemWhoCreated":"systemUnknown","title":"Code Exercises","type":""},{"accessGroups":"developers","description":"","displayOrder":100,"holdMenu":"developerSystemManage","id":982,"idCode":"manageQuizItems","kind":"system","menu":"developerSystemManage","subsite":"core","systemWhenCreated":"2021-02-16 23:14:20","systemWhoCreated":"systemUnknown","title":"Manage Quiz Items","type":""},{"accessGroups":"developers","description":"","displayOrder":100,"holdMenu":"hidden","id":983,"idCode":"manageQuizItem","kind":"system","menu":"hidden","subsite":"core","systemWhenCreated":"2021-02-16 23:14:25","systemWhoCreated":"systemUnknown","title":"Manage Quiz Item","type":""},{"accessGroups":"developers","description":"","displayOrder":100,"holdMenu":"submain","id":984,"idCode":"quizItems","kind":"system","menu":"submain","subsite":"core","systemWhenCreated":"2021-02-19 19:48:21","systemWhoCreated":"systemUnknown","title":"Quiz Items","type":""},{"accessGroups":"developers","description":"","displayOrder":100,"holdMenu":"submain","id":985,"idCode":"languageTester","kind":"system","menu":"submain","subsite":"core","systemWhenCreated":"2021-05-04 19:26:48","systemWhoCreated":"systemUnknown","title":"Language Tester","type":""},{"accessGroups":"developers","description":"","displayOrder":100,"holdMenu":"developerSystemManage","id":986,"idCode":"manageTestStudents","kind":"system","menu":"developerSystemManage","subsite":"core","systemWhenCreated":"2021-05-04 20:18:50","systemWhoCreated":"systemUnknown","title":"Manage Test Students","type":""},{"accessGroups":"developers","description":"","displayOrder":100,"holdMenu":"hidden","id":987,"idCode":"manageTestStudent","kind":"system","menu":"hidden","subsite":"core","systemWhenCreated":"2021-05-04 20:18:55","systemWhoCreated":"systemUnknown","title":"Manage Test Student","type":""},{"accessGroups":"developers","description":"","displayOrder":100,"holdMenu":"developerSystemManage","id":988,"idCode":"manageTechTasks","kind":"system","menu":"developerSystemManage","subsite":"core","systemWhenCreated":"2021-06-05 19:07:27","systemWhoCreated":"systemUnknown","title":"Manage Tech Tasks","type":""},{"accessGroups":"developers","description":"","displayOrder":100,"holdMenu":"hidden","id":989,"idCode":"manageTechTask","kind":"system","menu":"hidden","subsite":"core","systemWhenCreated":"2021-06-05 19:07:32","systemWhoCreated":"systemUnknown","title":"Manage Tech Task","type":""},{"accessGroups":"developers","description":"","displayOrder":100,"holdMenu":"developerSystemManage","id":990,"idCode":"manageLearnExercises","kind":"system","menu":"developerSystemManage","subsite":"core","systemWhenCreated":"2021-06-08 18:07:13","systemWhoCreated":"systemUnknown","title":"Manage Learn Exercises","type":""},{"accessGroups":"developers","description":"","displayOrder":100,"holdMenu":"developerSystemManage","id":991,"idCode":"manageBooks","kind":"system","menu":"developerSystemManage","subsite":"core","systemWhenCreated":"2021-06-21 19:59:17","systemWhoCreated":"systemUnknown","title":"Manage Books","type":""},{"accessGroups":"developers","description":"","displayOrder":100,"holdMenu":"hidden","id":992,"idCode":"manageBook","kind":"system","menu":"hidden","subsite":"core","systemWhenCreated":"2021-06-21 19:59:22","systemWhoCreated":"systemUnknown","title":"Manage Book","type":""}]